{
  "TCGA-ACC": {
    "n": 86,
    "rho_mil": 0.7128440864775955,
    "rho_ptn": 0.24961753855450802,
    "mae_mil": 0.07205674935218902,
    "mae_ptn": 0.1383720930232558,
    "p_rho": 2.0300595400701837e-05,
    "p_mae": 3.791652633970121e-06,
    "sig_rho_mil": true,
    "sig_rho_ptn": false,
    "sig_mae_mil": true,
    "sig_mae_ptn": false,
    "improvement": true
  },
  "TCGA-BLCA": {
    "n": 393,
    "rho_mil": 0.8263300703847218,
    "rho_ptn": 0.38773817940204935,
    "mae_mil": 0.09744499489285866,
    "mae_ptn": 0.21750636132315518,
    "p_rho": 0.0,
    "p_mae": 4.5771863323469364e-37,
    "sig_rho_mil": true,
    "sig_rho_ptn": false,
    "sig_mae_mil": true,
    "sig_mae_ptn": false,
    "improvement": true
  },
  "TCGA-BRCA": {
    "n": 974,
    "rho_mil": 0.7355976885343758,
    "rho_ptn": 0.30570145846302466,
    "mae_mil": 0.09650930396830032,
    "mae_ptn": 0.21608658453114304,
    "p_rho": 0.0,
    "p_mae": 3.5135746753360883e-85,
    "sig_rho_mil": true,
    "sig_rho_ptn": false,
    "sig_mae_mil": true,
    "sig_mae_ptn": false,
    "improvement": true
  },
  "TCGA-CESC": {
    "n": 293,
    "rho_mil": 0.7473136586035654,
    "rho_ptn": 0.24559474181407498,
    "mae_mil": 0.08915357837497984,
    "mae_ptn": 0.16409556313993173,
    "p_rho": 0.0,
    "p_mae": 2.5297007867772252e-16,
    "sig_rho_mil": true,
    "sig_rho_ptn": false,
    "sig_mae_mil": true,
    "sig_mae_ptn": false,
    "improvement": true
  },
  "TCGA-CHOL": {
    "n": 35,
    "rho_mil": 0.7378968168304078,
    "rho_ptn": 0.15699426550840612,
    "mae_mil": 0.11565629914828708,
    "mae_ptn": 0.16942857142857143,
    "p_rho": 0.0006170168448760283,
    "p_mae": 0.016599797061644495,
    "sig_rho_mil": true,
    "sig_rho_ptn": false,
    "sig_mae_mil": true,
    "sig_mae_ptn": false,
    "improvement": true
  },
  "TCGA-COAD": {
    "n": 372,
    "rho_mil": 0.72198657730933,
    "rho_ptn": 0.33008088050958423,
    "mae_mil": 0.09129808627109054,
    "mae_ptn": 0.15527105734767027,
    "p_rho": 0.0,
    "p_mae": 3.612446013429281e-19,
    "sig_rho_mil": true,
    "sig_rho_ptn": false,
    "sig_mae_mil": true,
    "sig_mae_ptn": false,
    "improvement": true
  },
  "TCGA-DLBC": {
    "n": 44,
    "rho_mil": 0.6971694979305009,
    "rho_ptn": -0.07494458553850668,
    "mae_mil": 0.14299895413897254,
    "mae_ptn": 0.29227272727272735,
    "p_rho": 3.6268544445494655e-05,
    "p_mae": 0.00039282595582790236,
    "sig_rho_mil": true,
    "sig_rho_ptn": false,
    "sig_mae_mil": true,
    "sig_mae_ptn": false,
    "improvement": true
  },
  "TCGA-ESCA": {
    "n": 142,
    "rho_mil": 0.6144393487845305,
    "rho_ptn": 0.06508462568099078,
    "mae_mil": 0.1132441371207086,
    "mae_ptn": 0.20795774647887325,
    "p_rho": 3.918143587355871e-09,
    "p_mae": 9.951570615347535e-09,
    "sig_rho_mil": true,
    "sig_rho_ptn": false,
    "sig_mae_mil": true,
    "sig_mae_ptn": false,
    "improvement": true
  },
  "TCGA-GBM": {
    "n": 354,
    "rho_mil": 0.6709391019822764,
    "rho_ptn": 0.14840091912937795,
    "mae_mil": 0.09760608167824265,
    "mae_ptn": 0.16461629001883238,
    "p_rho": 0.0,
    "p_mae": 4.11398435174361e-17,
    "sig_rho_mil": true,
    "sig_rho_ptn": false,
    "sig_mae_mil": true,
    "sig_mae_ptn": false,
    "improvement": true
  },
  "TCGA-HNSC": {
    "n": 430,
    "rho_mil": 0.6652968078988986,
    "rho_ptn": 0.2384075610113565,
    "mae_mil": 0.10183094993718836,
    "mae_ptn": 0.25510465116279074,
    "p_rho": 0.0,
    "p_mae": 1.4906844401327424e-46,
    "sig_rho_mil": true,
    "sig_rho_ptn": false,
    "sig_mae_mil": true,
    "sig_mae_ptn": false,
    "improvement": true
  },
  "TCGA-KICH": {
    "n": 59,
    "rho_mil": 0.8038029226199069,
    "rho_ptn": 0.3689691396681669,
    "mae_mil": 0.05528382798372687,
    "mae_ptn": 0.0914406779661017,
    "p_rho": 7.289991795667028e-05,
    "p_mae": 0.0008966037581859205,
    "sig_rho_mil": true,
    "sig_rho_ptn": false,
    "sig_mae_mil": true,
    "sig_mae_ptn": false,
    "improvement": true
  },
  "TCGA-KIRC": {
    "n": 297,
    "rho_mil": 0.6613576395347991,
    "rho_ptn": 0.21684634213003742,
    "mae_mil": 0.08398910791785628,
    "mae_ptn": 0.2922334455667789,
    "p_rho": 4.107825191113079e-14,
    "p_mae": 1.4876096332199672e-42,
    "sig_rho_mil": true,
    "sig_rho_ptn": false,
    "sig_mae_mil": true,
    "sig_mae_ptn": false,
    "improvement": true
  },
  "TCGA-KIRP": {
    "n": 242,
    "rho_mil": 0.77071079836164,
    "rho_ptn": 0.4772715727180195,
    "mae_mil": 0.08208477358119458,
    "mae_ptn": 0.1274380165289256,
    "p_rho": 1.4066636744303196e-10,
    "p_mae": 1.3952113757911045e-11,
    "sig_rho_mil": true,
    "sig_rho_ptn": false,
    "sig_mae_mil": true,
    "sig_mae_ptn": false,
    "improvement": true
  },
  "TCGA-LGG": {
    "n": 491,
    "rho_mil": 0.558366975245335,
    "rho_ptn": 0.29605570693059324,
    "mae_mil": 0.11809507734906649,
    "mae_ptn": 0.14360488798370674,
    "p_rho": 3.392819358793986e-11,
    "p_mae": 3.893263558739759e-09,
    "sig_rho_mil": true,
    "sig_rho_ptn": false,
    "sig_mae_mil": true,
    "sig_mae_ptn": false,
    "improvement": true
  },
  "TCGA-LIHC": {
    "n": 349,
    "rho_mil": 0.7580726864074846,
    "rho_ptn": 0.29042895327990814,
    "mae_mil": 0.09065474113454791,
    "mae_ptn": 0.18691977077363897,
    "p_rho": 0.0,
    "p_mae": 9.545670295924905e-31,
    "sig_rho_mil": true,
    "sig_rho_ptn": false,
    "sig_mae_mil": true,
    "sig_mae_ptn": false,
    "improvement": true
  },
  "TCGA-LUAD": {
    "n": 463,
    "rho_mil": 0.6866747165998689,
    "rho_ptn": 0.35145121881483116,
    "mae_mil": 0.09371650891198492,
    "mae_ptn": 0.2732217422606191,
    "p_rho": 0.0,
    "p_mae": 1.2768924510298397e-56,
    "sig_rho_mil": true,
    "sig_rho_ptn": false,
    "sig_mae_mil": true,
    "sig_mae_ptn": false,
    "improvement": true
  },
  "TCGA-LUSC": {
    "n": 441,
    "rho_mil": 0.6877272624383522,
    "rho_ptn": 0.4015256325630693,
    "mae_mil": 0.10229073169001407,
    "mae_ptn": 0.249875283446712,
    "p_rho": 4.063416270128073e-14,
    "p_mae": 1.3107024624040933e-44,
    "sig_rho_mil": true,
    "sig_rho_ptn": false,
    "sig_mae_mil": true,
    "sig_mae_ptn": false,
    "improvement": true
  },
  "TCGA-MESO": {
    "n": 71,
    "rho_mil": 0.5833270662034303,
    "rho_ptn": -0.12330907650146337,
    "mae_mil": 0.12309590395907281,
    "mae_ptn": 0.19957746478873234,
    "p_rho": 2.7490749824110594e-05,
    "p_mae": 0.0031105609691247454,
    "sig_rho_mil": true,
    "sig_rho_ptn": false,
    "sig_mae_mil": true,
    "sig_mae_ptn": false,
    "improvement": true
  },
  "TCGA-OV": {
    "n": 393,
    "rho_mil": 0.8150063888866074,
    "rho_ptn": 0.31426800511606756,
    "mae_mil": 0.06370024289442915,
    "mae_ptn": 0.12344783715012721,
    "p_rho": 0.0,
    "p_mae": 1.483039406454901e-24,
    "sig_rho_mil": true,
    "sig_rho_ptn": false,
    "sig_mae_mil": true,
    "sig_mae_ptn": false,
    "improvement": true
  },
  "TCGA-PAAD": {
    "n": 154,
    "rho_mil": 0.3348136091487487,
    "rho_ptn": 0.10410640772954545,
    "mae_mil": 0.16161865220622873,
    "mae_ptn": 0.2649675324675324,
    "p_rho": 0.01255976799305536,
    "p_mae": 4.1287677866873854e-11,
    "sig_rho_mil": true,
    "sig_rho_ptn": false,
    "sig_mae_mil": true,
    "sig_mae_ptn": false,
    "improvement": true
  },
  "TCGA-PCPG": {
    "n": 159,
    "rho_mil": 0.7113514463445078,
    "rho_ptn": 0.019944452855095995,
    "mae_mil": 0.08563076001293254,
    "mae_ptn": 0.1811320754716981,
    "p_rho": 3.730349362740526e-14,
    "p_mae": 1.003142752213662e-16,
    "sig_rho_mil": true,
    "sig_rho_ptn": false,
    "sig_mae_mil": true,
    "sig_mae_ptn": false,
    "improvement": true
  },
  "TCGA-PRAD": {
    "n": 450,
    "rho_mil": 0.5625008280019026,
    "rho_ptn": 0.2501346441913323,
    "mae_mil": 0.13595095969839022,
    "mae_ptn": 0.2038,
    "p_rho": 1.329669707672565e-11,
    "p_mae": 1.3240971412769226e-18,
    "sig_rho_mil": true,