{
  "n_samples": 9217,
  "source": "predictions-csv",
  "rho_mil": 0.7659650208224537,
  "pval_mil": 0.0,
  "ci_mil": [
    0.754431989449241,
    0.7767987363936535
  ],
  "rho_ptn": 0.367505839087391,
  "pval_ptn": 1.03698769644741e-292,
  "ci_ptn": [
    0.34896746875087126,
    0.3860771631658617
  ],
  "rho_cross": 0.450600945028801,
  "meng_z": 49.77420678043821,
  "meng_p": 0.0,
  "mae_mil": 0.1008370974399341,
  "median_ae_mil": 0.0734777969121933,
  "mae_ptn": 0.20207831543163,
  "median_ae_ptn": 0.16999999999999993,
  "wilcoxon_stat": 7596099.0,
  "wilcoxon_p": 0.0
}