{
  "TCGA-ACC": {
    "n": 85,
    "rho_mil": 0.7056708727172221,
    "rho_ptn": 0.2261525754540326,
    "mae_mil": 0.07193071473346038,
    "mae_ptn": 0.13999999999999999,
    "p_rho": 1.930436411967662e-05,
    "p_mae": 1.9284099219663536e-06,
    "sig_rho_mil": true,
    "sig_rho_ptn": false,
    "sig_mae_mil": true,
    "sig_mae_ptn": false,
    "improvement": true
  },
  "TCGA-BLCA": {
    "n": 391,
    "rho_mil": 0.8356865092075159,
    "rho_ptn": 0.3959850685738628,
    "mae_mil": 0.09579271304980873,
    "mae_ptn": 0.21721227621483374,
    "p_rho": 0.0,
    "p_mae": 8.448610183601183e-38,
    "sig_rho_mil": true,
    "sig_rho_ptn": false,
    "sig_mae_mil": true,
    "sig_mae_ptn": false,
    "improvement": true
  },
  "TCGA-BRCA": {
    "n": 969,
    "rho_mil": 0.75110446269739,
    "rho_ptn": 0.31293714698821856,
    "mae_mil": 0.09429789744540512,
    "mae_ptn": 0.2157309941520468,
    "p_rho": 0.0,
    "p_mae": 2.239347550920822e-87,
    "sig_rho_mil": true,
    "sig_rho_ptn": false,
    "sig_mae_mil": true,
    "sig_mae_ptn": false,
    "improvement": true
  },
  "TCGA-CESC": {
    "n": 293,
    "rho_mil": 0.7473136586035654,
    "rho_ptn": 0.24559474181407498,
    "mae_mil": 0.08915357837497984,
    "mae_ptn": 0.16409556313993173,
    "p_rho": 0.0,
    "p_mae": 2.5297007867772252e-16,
    "sig_rho_mil": true,
    "sig_rho_ptn": false,
    "sig_mae_mil": true,
    "sig_mae_ptn": false,
    "improvement": true
  },
  "TCGA-CHOL": {
    "n": 34,
    "rho_mil": 0.7189483563666845,
    "rho_ptn": 0.1275231238264843,
    "mae_mil": 0.11412736938280219,
    "mae_ptn": 0.1670588235294118,
    "p_rho": 0.0009717678470264612,
    "p_mae": 0.024896982708014548,
    "sig_rho_mil": true,
    "sig_rho_ptn": false,
    "sig_mae_mil": true,
    "sig_mae_ptn": false,
    "improvement": true
  },
  "TCGA-COAD": {
    "n": 372,
    "rho_mil": 0.72198657730933,
    "rho_ptn": 0.33008088050958423,
    "mae_mil": 0.09129808627109054,
    "mae_ptn": 0.15527105734767027,
    "p_rho": 0.0,
    "p_mae": 3.612446013429281e-19,
    "sig_rho_mil": true,
    "sig_rho_ptn": false,
    "sig_mae_mil": true,
    "sig_mae_ptn": false,
    "improvement": true
  },
  "TCGA-DLBC": {
    "n": 43,
    "rho_mil": 0.7229671659168919,
    "rho_ptn": -0.058684560862004215,
    "mae_mil": 0.13579040491303732,
    "mae_ptn": 0.2955813953488372,
    "p_rho": 2.5408332001264355e-05,
    "p_mae": 0.00014568698702532856,
    "sig_rho_mil": true,
    "sig_rho_ptn": false,
    "sig_mae_mil": true,
    "sig_mae_ptn": false,
    "improvement": true
  },
  "TCGA-ESCA": {
    "n": 142,
    "rho_mil": 0.6144393487845305,
    "rho_ptn": 0.06508462568099078,
    "mae_mil": 0.1132441371207086,
    "mae_ptn": 0.20795774647887325,
    "p_rho": 3.918143587355871e-09,
    "p_mae": 9.951570615347535e-09,
    "sig_rho_mil": true,
    "sig_rho_ptn": false,
    "sig_mae_mil": true,
    "sig_mae_ptn": false,
    "improvement": true
  },
  "TCGA-GBM": {
    "n": 352,
    "rho_mil": 0.6688376246530936,
    "rho_ptn": 0.14617606749603182,
    "mae_mil": 0.09752042347586459,
    "mae_ptn": 0.16499763257575759,
    "p_rho": 0.0,
    "p_mae": 3.029494423206991e-17,
    "sig_rho_mil": true,
    "sig_rho_ptn": false,
    "sig_mae_mil": true,
    "sig_mae_ptn": false,
    "improvement": true
  },
  "TCGA-HNSC": {
    "n": 428,
    "rho_mil": 0.6682903448009844,
    "rho_ptn": 0.23215368709174028,
    "mae_mil": 0.10003359090919807,
    "mae_ptn": 0.2555957943925234,
    "p_rho": 0.0,
    "p_mae": 6.820218041865863e-48,
    "sig_rho_mil": true,
    "sig_rho_ptn": false,
    "sig_mae_mil": true,
    "sig_mae_ptn": false,
    "improvement": true
  },
  "TCGA-KICH": {
    "n": 59,
    "rho_mil": 0.8038029226199069,
    "rho_ptn": 0.3689691396681669,
    "mae_mil": 0.05528382798372687,
    "mae_ptn": 0.0914406779661017,
    "p_rho": 7.289991795667028e-05,
    "p_mae": 0.0008966037581859205,
    "sig_rho_mil": true,
    "sig_rho_ptn": false,
    "sig_mae_mil": true,
    "sig_mae_ptn": false,
    "improvement": true
  },
  "TCGA-KIRC": {
    "n": 297,
    "rho_mil": 0.6613576395347991,
    "rho_ptn": 0.21684634213003742,
    "mae_mil": 0.08398910791785628,
    "mae_ptn": 0.2922334455667789,
    "p_rho": 4.107825191113079e-14,
    "p_mae": 1.4876096332199672e-42,
    "sig_rho_mil": true,
    "sig_rho_ptn": false,
    "sig_mae_mil": true,
    "sig_mae_ptn": false,
    "improvement": true
  },
  "TCGA-KIRP": {
    "n": 238,
    "rho_mil": 0.7679329566573494,
    "rho_ptn": 0.4696705194007592,
    "mae_mil": 0.08161160959847744,
    "mae_ptn": 0.12747899159663864,
    "p_rho": 1.6138379521635215e-10,
    "p_mae": 1.2129819241062225e-11,
    "sig_rho_mil": true,
    "sig_rho_ptn": false,
    "sig_mae_mil": true,
    "sig_mae_ptn": false,
    "improvement": true
  },
  "TCGA-LGG": {
    "n": 489,
    "rho_mil": 0.5641951176597851,
    "rho_ptn": 0.3012674076842599,
    "mae_mil": 0.11727179443909347,
    "mae_ptn": 0.14316973415132925,
    "p_rho": 2.9243718557836473e-11,
    "p_mae": 2.8393665424382747e-09,
    "sig_rho_mil": true,
    "sig_rho_ptn": false,
    "sig_mae_mil": true,
    "sig_mae_ptn": false,
    "improvement": true
  },
  "TCGA-LIHC": {
    "n": 345,
    "rho_mil": 0.7844252722612916,
    "rho_ptn": 0.2810609667670917,
    "mae_mil": 0.08743462917251862,
    "mae_ptn": 0.18821739130434784,
    "p_rho": 0.0,
    "p_mae": 1.219503678252586e-32,
    "sig_rho_mil": true,
    "sig_rho_ptn": false,
    "sig_mae_mil": true,
    "sig_mae_ptn": false,
    "improvement": true
  },
  "TCGA-LUAD": {
    "n": 462,
    "rho_mil": 0.6974606131413519,
    "rho_ptn": 0.3596438984723021,
    "mae_mil": 0.09227139479776005,
    "mae_ptn": 0.27290404040404037,
    "p_rho": 0.0,
    "p_mae": 2.430751667813669e-57,
    "sig_rho_mil": true,
    "sig_rho_ptn": false,
    "sig_mae_mil": true,
    "sig_mae_ptn": false,
    "improvement": true
  },
  "TCGA-LUSC": {
    "n": 441,
    "rho_mil": 0.6877272624383522,
    "rho_ptn": 0.4015256325630693,
    "mae_mil": 0.10229073169001407,
    "mae_ptn": 0.249875283446712,
    "p_rho": 4.063416270128073e-14,
    "p_mae": 1.3107024624040933e-44,
    "sig_rho_mil": true,
    "sig_rho_ptn": false,
    "sig_mae_mil": true,
    "sig_mae_ptn": false,
    "improvement": true
  },
  "TCGA-MESO": {
    "n": 71,
    "rho_mil": 0.5833270662034303,
    "rho_ptn": -0.12330907650146337,
    "mae_mil": 0.12309590395907281,
    "mae_ptn": 0.19957746478873234,
    "p_rho": 2.7490749824110594e-05,
    "p_mae": 0.0031105609691247454,
    "sig_rho_mil": true,
    "sig_rho_ptn": false,
    "sig_mae_mil": true,
    "sig_mae_ptn": false,
    "improvement": true
  },
  "TCGA-OV": {
    "n": 392,
    "rho_mil": 0.8135898681233819,
    "rho_ptn": 0.3091454047215063,
    "mae_mil": 0.06376037360102471,
    "mae_ptn": 0.12373724489795918,
    "p_rho": 0.0,
    "p_mae": 1.0827530775990104e-24,
    "sig_rho_mil": true,
    "sig_rho_ptn": false,
    "sig_mae_mil": true,
    "sig_mae_ptn": false,
    "improvement": true
  },
  "TCGA-PAAD": {
    "n": 146,
    "rho_mil": 0.49963839674642707,
    "rho_ptn": 0.17092936379601034,
    "mae_mil": 0.13092200725645542,
    "mae_ptn": 0.24558219178082188,
    "p_rho": 0.00026372973532762245,
    "p_mae": 1.898149715864404e-12,
    "sig_rho_mil": true,
    "sig_rho_ptn": false,
    "sig_mae_mil": true,
    "sig_mae_ptn": false,
    "improvement": true
  },
  "TCGA-PCPG": {
    "n": 158,
    "rho_mil": 0.7402370892327965,
    "rho_ptn": 0.026673271395497026,
    "mae_mil": 0.08291945497446424,
    "mae_ptn": 0.1810126582278481,
    "p_rho": 1.5543122344752192e-15,
    "p_mae": 1.91937802437572e-17,
    "sig_rho_mil": true,
    "sig_rho_ptn": false,
    "sig_mae_mil": true,
    "sig_mae_ptn": false,
    "improvement": true
  },
  "TCGA-PRAD": {
    "n": 445,
    "rho_mil": 0.6022963804430759,
    "rho_ptn": 0.27596997780585736,
    "mae_mil": 0.1295059011150256,
    "mae_ptn": 0.20198876404494379,
    "p_rho": 7.718270467194088e-13,
    "p_mae": 1.9902961214679315e-20,