{
  "n_samples": 9126,
  "source": "predictions-csv",
  "rho_mil": 0.7775903481929134,
  "pval_mil": 0.0,
  "ci_mil": [
    0.766693423500223,
    0.7883077908383056
  ],
  "rho_ptn": 0.36964727947516535,
  "pval_ptn": 1.833762683483378e-293,
  "ci_ptn": [
    0.35143911931297644,
    0.388177107753748
  ],
  "rho_cross": 0.44730643407818216,
  "meng_z": 51.29412020998127,
  "meng_p": 0.0,
  "mae_mil": 0.09883821517157579,
  "median_ae_mil": 0.073095588684082,
  "mae_ptn": 0.2021768390678647,
  "median_ae_ptn": 0.16999999999999993,
  "wilcoxon_stat": 7191332.0,
  "wilcoxon_p": 0.0
}